{"model_1dx1": {"mse": [0.007874027825891972, 0.00792105495929718, 0.007882295176386833, 0.007750439923256636, 0.007739432156085968, 0.007761850021779537, 0.007691019214689732, 0.007584854494780302, 0.007499195635318756, 0.007398063782602549, 0.007303559221327305, 0.007260970305651426, 0.00721736392006278, 0.0071614873595535755, 0.007099567912518978, 0.007055517751723528, 0.007029349450021982, 0.007018907926976681, 0.005917574744671583, 0.006922706961631775, 0.006907943170517683, 0.00687302416190505, 0.006838335655629635, 0.006774998269975185, 0.0067535159178078175], "mae": [0.048191286623477936, 0.048578329384326935, 0.04808982089161873, 0.04713568091392517, 0.04687231406569481, 0.046772897243499756, 0.04608646407723427, 0.04506777971982956, 0.04412078857421875, 0.043132949620485306, 0.042369723320007324, 0.04174784943461418, 0.041135579347610474, 0.040408216416835785, 0.03957748040556908, 0.038982272148132324, 0.03858392685651779, 0.0383240282535553, 0.03705937787890434, 0.03709186986088753, 0.036552004516124725, 0.03598615154623985, 0.03518399968743324, 0.034403953701257706, 0.033987272530794144], "mse_x_mass": [0.13596082178336005, 0.13618871809063043, 0.13562535461295994, 0.13292999843479317, 0.13312143463269538, 0.13430508551065978, 0.13370836602351716, 0.13250887848963228, 0.13183079457981203, 0.13054045257633468, 0.12907495905236854, 0.12868475343940097, 0.12842911812921717, 0.12797368744829626, 0.12722493679075406, 0.12656302219399837, 0.12599433741308966, 0.12543902354125927, 0.09320103973626817, 0.12375207474451967, 0.12364879448377405, 0.12286399714867949, 0.12292425969478733, 0.1224010726093644, 0.12232047048465253], "mse_y_mass": [0.0, 0.0, 0.0, 0.0, 0.0, 0.0, 0.0, 0.0, 0.0, 0.0, 0.0, 0.0, 0.0, 0.0, 0.0, 0.0, 0.0, 0.0, 0.0, 0.0, 0.0, 0.0, 0.0, 0.0, 0.0]}, "model_1dx2": {"mse": [0.00973072461783886, 0.00862425658851862, 0.008240805007517338, 0.006923251785337925, 0.007970185950398445, 0.00788306538015604, 0.007173893507570028, 0.006807153578847647, 0.007800901774317026, 0.007877016440033913, 0.007454178296029568, 0.007363632787019014, 0.007285830099135637, 0.006581192370504141, 0.0047494494356215, 0.0065892222337424755, 0.006595053244382143, 0.006566063966602087, 0.00651614461094141, 0.006131567060947418, 0.006112910341471434, 0.006004868540912867, 0.00586098013445735, 0.006094825454056263, 0.006021397653967142], "mae": [0.049831219017505646, 0.04794285446405411, 0.04652536287903786, 0.045382287353277206, 0.044848352670669556, 0.04428844898939133, 0.043140970170497894, 0.04285223037004471, 0.04386935383081436, 0.04368862882256508, 0.042590390890836716, 0.041846513748168945, 0.04150766879320145, 0.040663111954927444, 0.039941586554050446, 0.040137726813554764, 0.03996153548359871, 0.03978932648897171, 0.03957180306315422, 0.03905243054032326, 0.03874289616942406, 0.03794053569436073, 0.03674169257283211, 0.035806093364953995, 0.03487375006079674], "mse_x_mass": [0.0, 0.0, 0.0, 0.0, 0.0, 0.0, 0.0, 0.0, 0.0, 0.0, 0.0, 0.0, 0.0, 0.0, 0.0, 0.0, 0.0, 0.0, 0.0, 0.0, 0.0, 0.0, 0.0, 0.0, 0.0], "mse_y_mass": [0.017118731845943477, 0.016212314887309082, 0.017349955804007586, 0.017790170690570043, 0.018283436785157908, 0.018009574629327302, 0.016210534134602567, 0.12781637995705575, 0.016971865851633784, 0.0173351224187518, 0.017362351301142893, 0.017091453976714077, 0.01666313859073812, 0.12792878328918272, 0.06405590274388949, 0.1294354261447462, 0.12994698660547582, 0.12963477663091957, 0.1287797961873219, 0.017002469324593737, 0.01707261243050508, 0.017070718814054562, 0.016833553118980684, 0.12737971875172388, 0.1270367595560922]}, "model_2d": {"mse": [0.0001544099359307438, 0.00013448145182337612, 0.0001172832417069003, 0.0001420418848283589, 0.00015174881264101714, 0.0001360672467853874, 0.00015302763495128602, 0.00014605274191126227, 0.00012331234756857157, 0.00014798290794715285, 0.0001465674868086353, 0.00016224876162596047, 0.00018139487656299025, 0.00019101811631117016, 0.00018955925770569593, 0.00018373366037849337, 0.00020513500203378499, 0.0001990415039472282, 0.00021802000992465764, 0.00023266470816452056, 0.00020675259293057024, 0.0002330618299311027, 0.00022497345344163477, 0.00023264577612280846, 0.0002575022808741778], "mae": [0.0021190145052969456, 0.0021156887523829937, 0.002097694668918848, 0.0020920797251164913, 0.002098554279655218, 0.0020854133181273937, 0.0020896391943097115, 0.002078572753816843, 0.0020568757317960262, 0.002034798264503479, 0.0019552106969058514, 0.0018932846141979098, 0.0018599295290187001, 0.0018063350580632687, 0.001782862818799913, 0.001764393295161426, 0.0017521899426355958, 0.0017345855012536049, 0.0017579797422513366, 0.0017750895349308848, 0.001753495424054563, 0.0017669239314273, 0.0017650307854637504, 0.0017552126664668322, 0.0017662291647866368], "mse_x_mass": [0.004334477334310465, 0.004323588395208256, 0.007549964340247307, 0.01273634259446783, 0.005736978271487062, 0.012073004323253604, 0.005762547590795142, 0.006113073117505836, 0.00850834766279686, 0.006212355735510912, 0.012966709309777901, 0.012438254594679815, 0.011862003513404362, 0.005448050042006213, 0.009341745215808878, 0.004039897377796905, 0.011173052549570166, 0.011069223262813732, 0.0040074464706664, 0.0024199418513539696, 0.006019144931086215, 0.004315703722367994, 0.005686082393564804, 0.0034151934655248842, 0.0023009469784615166], "mse_y_mass": [0.004460555138020918, 0.00444603434119106, 0.009733867740128988, 0.012809342321703802, 0.01283609426032274, 0.012910420088402657, 0.012944846011582247, 0.012858752173462195, 0.013008217868059701, 0.012442904299395381, 0.012755664547440482, 0.012197873291826408, 0.01087171487826396, 0.010200298793299319, 0.00977769928129176, 0.009936206799567984, 0.010621815973212396, 0.010559441913293633, 0.010965138779034437, 0.00978422538398651, 0.010511001636118074, 0.010606465862342157, 0.009868468539938708, 0.013365296874010217, 0.010080191740726855]}}