{"model_1dx1": {"mse": [0.006268759723752737, 0.007013513240963221, 0.010615840554237366, 0.010560902766883373, 0.010415144264698029, 0.010328756645321846, 0.010141251608729362, 0.010030080564320087, 0.010016107000410557, 0.009954548440873623, 0.009898819960653782, 0.009842351078987122, 0.009817926213145256, 0.0097684096544981, 0.009796139784157276, 0.009792857803404331, 0.009784276597201824, 0.009779860265552998, 0.009783838875591755, 0.009764858521521091], "mae": [0.03198657184839249, 0.028235813602805138, 0.03267757222056389, 0.03185898810625076, 0.0312083400785923, 0.030810151249170303, 0.030528251081705093, 0.030285891145467758, 0.030209669843316078, 0.03005765937268734, 0.029880205169320107, 0.029706815257668495, 0.02960364706814289, 0.029467063024640083, 0.02950822375714779, 0.029498908668756485, 0.029481593519449234, 0.02947208657860756, 0.029456863179802895, 0.02943296544253826], "mse_x_mass": [0.12401712215271263, 0.14367230667388922, 0.2396361096914463, 0.23596629871286526, 0.23092951756285954, 0.22849001981941686, 0.22365733069231492, 0.2208166778704852, 0.22039482774555072, 0.2187938106850873, 0.21740000294609466, 0.21593839674575818, 0.21516526963713886, 0.21375422210535305, 0.21438671963667083, 0.2141959392262127, 0.21390041073544283, 0.21370250374789698, 0.2138371927337023, 0.21318538070864898], "mse_y_mass": [0.0, 0.0, 0.0, 0.0, 0.0, 0.0, 0.0, 0.0, 0.0, 0.0, 0.0, 0.0, 0.0, 0.0, 0.0, 0.0, 0.0, 0.0, 0.0, 0.0]}, "model_1dx2": {"mse": [0.0071422019973397255, 0.006432096939533949, 0.006212007720023394, 0.006162223406136036, 0.006293486338108778, 0.0063901073299348354, 0.0064199804328382015, 0.006363444495946169, 0.0063545494340360165, 0.006327035836875439, 0.006325131747871637, 0.006304495502263308, 0.0062935505993664265, 0.0062834215350449085, 0.006257133092731237, 0.0062499684281647205, 0.00624539190903306, 0.006239651702344418, 0.00623563677072525, 0.006234321277588606], "mae": [0.03719871863722801, 0.030368750914931297, 0.026136083528399467, 0.02518601156771183, 0.02446623705327511, 0.02398613467812538, 0.023884084075689316, 0.023482918739318848, 0.023450743407011032, 0.02338176965713501, 0.02321082353591919, 0.023011166602373123, 0.022818293422460556, 0.02283616177737713, 0.022698115557432175, 0.022578945383429527, 0.02252517081797123, 0.022474706172943115, 0.022418631240725517, 0.022375401109457016], "mse_x_mass": [0.0, 0.0, 0.0, 0.0, 0.0, 0.0, 0.0, 0.0, 0.0, 0.0, 0.0, 0.0, 0.0, 0.0, 0.0, 0.0, 0.0, 0.0, 0.0, 0.0], "mse_y_mass": [0.013998823209754537, 0.12415686614925388, 0.11860147936400003, 0.1178854218410332, 0.12202657664871787, 0.12672610477048127, 0.12820610666574425, 0.12786198335198135, 0.1279563301156252, 0.12791453820727053, 0.1270776536897967, 0.12675413350046405, 0.12643224440475007, 0.1258606767340145, 0.12475588624898959, 0.12454672482711648, 0.12423309391395862, 0.12390669413867501, 0.1237213905674022, 0.12358377076877113]}, "model_2d": {"mse": [0.00022846843057777733, 0.0002470689360052347, 0.0003090145764872432, 0.0003171233693137765, 0.0003497702127788216, 0.00031162655795924366, 0.00032868736889213324, 0.00032055925112217665, 0.0003167879185639322, 0.000325884873745963, 0.0003171753778588027, 0.0003065418859478086, 0.000297031452646479, 0.0002809920988511294, 0.00029141586855985224, 0.0002798386849462986, 0.00028300785925239325, 0.00028201728127896786, 0.00027346235583536327, 0.00027948766364715993], "mae": [0.0017533717909827828, 0.0016987823182716966, 0.0017227181233465672, 0.0017247982323169708, 0.0017409658757969737, 0.001712776254862547, 0.0017148159677162766, 0.00170635967515409, 0.0016889374237507582, 0.0016996213234961033, 0.0017028833972290158, 0.0016920177731662989, 0.0016777868149802089, 0.00166231335606426, 0.0016685428563505411, 0.0016610679449513555, 0.001662482158280909, 0.0016623262781649828, 0.0016502458602190018, 0.0016502815997228026], "mse_x_mass": [0.012147963765229901, 0.002278812392277741, 0.0034484019889880605, 0.00838372089505857, 0.004772138047656459, 0.008993673051399486, 0.005759884834951375, 0.0064708728834178535, 0.0059177318866247995, 0.005670688840004775, 0.005120578111177627, 0.005102838594407483, 0.004794173602526617, 0.005707789803390085, 0.004852136723755362, 0.006061855319124177, 0.004722684326083491, 0.004951325362242059, 0.00456794723335473, 0.004659695420312118], "mse_y_mass": [0.0032773809870268273, 0.010285158925070969, 0.010715422359755174, 0.011118869676056808, 0.01136567540425631, 0.011694072322328813, 0.012242783393895321, 0.01219875154650658, 0.011901226323127187, 0.013057075401617142, 0.015741135413081846, 0.017486071666429202, 0.01754368399750745, 0.017364168863513458, 0.019292024018598468, 0.012903358000499092, 0.015927766044986434, 0.016461919977828875, 0.016217391622514604, 0.01358618821377441]}}